{"cameraMode":{"drawMode":0,"name":"Shaded","section":"Shading Mode"},"sceneLighting":false,"audioPlay":false,"sceneViewState":{"m_AlwaysRefresh":false,"showFog":true,"showSkybox":false,"showFlares":true,"showImageEffects":true,"showParticleSystems":true,"showVisualEffectGraphs":true,"m_FxEnabled":true},"in2DMode":false,"pivot":{"x":-10.874983787536621,"y":10.9493989944458,"z":-71.11579895019531},"rotation":{"x":-0.0011387328850105405,"y":0.9052817821502686,"z":0.0024375792127102615,"w":0.4249015748500824},"size":0.6815791726112366,"orthographic":false}