{"cameraMode":{"drawMode":0,"name":"Shaded","section":"Shading Mode"},"sceneLighting":false,"audioPlay":false,"sceneViewState":{"m_AlwaysRefresh":false,"showFog":true,"showSkybox":false,"showFlares":true,"showImageEffects":true,"showParticleSystems":true,"showVisualEffectGraphs":true,"m_FxEnabled":true},"in2DMode":false,"pivot":{"x":-0.5784811973571777,"y":-0.4613080620765686,"z":95.39459991455078},"rotation":{"x":0.0032944101840257646,"y":-0.9929169416427612,"z":0.11550650745630264,"w":0.0283542238175869},"size":0.8660253882408142,"orthographic":false}