{"cameraMode":{"drawMode":0,"name":"Shaded","section":"Shading Mode"},"sceneLighting":false,"audioPlay":false,"sceneViewState":{"m_AlwaysRefresh":false,"showFog":true,"showSkybox":false,"showFlares":true,"showImageEffects":true,"showParticleSystems":true,"showVisualEffectGraphs":true,"m_FxEnabled":true},"in2DMode":false,"pivot":{"x":-29.997865676879884,"y":21.77719497680664,"z":422.68951416015627},"rotation":{"x":-0.0065697552636265759,"y":0.9928028583526611,"z":0.09980909526348114,"w":0.06616248935461045},"size":16.844383239746095,"orthographic":false}