{"cameraMode":{"drawMode":0,"name":"Shaded","section":"Shading Mode"},"sceneLighting":true,"audioPlay":false,"sceneViewState":{"m_AlwaysRefresh":false,"showFog":true,"showSkybox":true,"showFlares":true,"showImageEffects":true,"showParticleSystems":true,"showVisualEffectGraphs":true,"m_FxEnabled":true},"in2DMode":false,"pivot":{"x":0.07967516779899597,"y":6.522153854370117,"z":-12.33615493774414},"rotation":{"x":0.16957499086856843,"y":-0.0014781794743612409,"z":0.00025806837948039174,"w":0.9855217933654785},"size":2.6884372234344484,"orthographic":false}