{"cameraMode":{"drawMode":0,"name":"Shaded","section":"Shading Mode"},"sceneLighting":false,"audioPlay":false,"sceneViewState":{"m_AlwaysRefresh":false,"showFog":true,"showSkybox":false,"showFlares":true,"showImageEffects":true,"showParticleSystems":true,"showVisualEffectGraphs":true,"m_FxEnabled":true},"in2DMode":false,"pivot":{"x":26.60867691040039,"y":4.1818928718566898,"z":-1.5088534355163575},"rotation":{"x":0.2211592048406601,"y":0.34512215852737429,"z":-0.08393951505422592,"w":0.9082865715026856},"size":23.665328979492189,"orthographic":false}