{"cameraMode":{"drawMode":0,"name":"Shaded","section":"Shading Mode"},"sceneLighting":false,"audioPlay":false,"sceneViewState":{"m_AlwaysRefresh":false,"showFog":true,"showSkybox":false,"showFlares":true,"showImageEffects":true,"showParticleSystems":true,"showVisualEffectGraphs":true,"m_FxEnabled":true},"in2DMode":false,"pivot":{"x":89.12897491455078,"y":-112.86841583251953,"z":425.52099609375},"rotation":{"x":0.27713829278945925,"y":-0.010311012156307698,"z":0.0032756838481873276,"w":0.9608619809150696},"size":273.7079772949219,"orthographic":false}