{"cameraMode":{"drawMode":0,"name":"Shaded","section":"Shading Mode"},"sceneLighting":true,"audioPlay":false,"sceneViewState":{"m_AlwaysRefresh":false,"showFog":true,"showSkybox":true,"showFlares":true,"showImageEffects":true,"showParticleSystems":true,"showVisualEffectGraphs":true,"m_FxEnabled":true},"in2DMode":false,"pivot":{"x":-12.772028923034668,"y":-69.19210815429688,"z":98.05081939697266},"rotation":{"x":0.29379892349243166,"y":-0.06017301604151726,"z":0.018535679206252099,"w":0.9537919759750366},"size":67.67356872558594,"orthographic":false}