{"cameraMode":{"drawMode":0,"name":"Shaded","section":"Shading Mode"},"sceneLighting":true,"audioPlay":false,"sceneViewState":{"m_AlwaysRefresh":false,"showFog":true,"showSkybox":false,"showFlares":true,"showImageEffects":true,"showParticleSystems":true,"showVisualEffectGraphs":true,"m_FxEnabled":true},"in2DMode":false,"pivot":{"x":-6.454951763153076,"y":15.268607139587403,"z":2.144528865814209},"rotation":{"x":-0.30265510082244875,"y":-0.3598552942276001,"z":0.12433592975139618,"w":-0.8738529086112976},"size":0.0000173361931956606,"orthographic":false}