{"cameraMode":{"drawMode":0,"name":"Shaded","section":"Shading Mode"},"sceneLighting":false,"audioPlay":false,"sceneViewState":{"m_AlwaysRefresh":false,"showFog":true,"showSkybox":false,"showFlares":true,"showImageEffects":true,"showParticleSystems":true,"showVisualEffectGraphs":true,"m_FxEnabled":true},"in2DMode":false,"pivot":{"x":-9.067846298217774,"y":2.5320427417755129,"z":-2.669600486755371},"rotation":{"x":-0.016887763515114785,"y":0.37548595666885378,"z":-0.007075206376612186,"w":-0.9267414808273315},"size":2.6815602779388429,"orthographic":false}