{"cameraMode":{"drawMode":0,"name":"Shaded","section":"Shading Mode"},"sceneLighting":false,"audioPlay":false,"sceneViewState":{"m_AlwaysRefresh":false,"showFog":true,"showSkybox":false,"showFlares":true,"showImageEffects":true,"showParticleSystems":true,"showVisualEffectGraphs":true,"m_FxEnabled":true},"in2DMode":false,"pivot":{"x":-14.857405662536621,"y":7.943605422973633,"z":-113.35952758789063},"rotation":{"x":0.007294856011867523,"y":0.991932213306427,"z":-0.10636324435472489,"w":0.06939610838890076},"size":10.664809226989746,"orthographic":false}