{"cameraMode":{"drawMode":0,"name":"Shaded","section":"Shading Mode"},"sceneLighting":false,"audioPlay":false,"sceneViewState":{"m_AlwaysRefresh":false,"showFog":true,"showSkybox":false,"showFlares":true,"showImageEffects":true,"showParticleSystems":true,"showVisualEffectGraphs":true,"m_FxEnabled":true},"in2DMode":false,"pivot":{"x":185.81272888183595,"y":18.04594612121582,"z":196.51834106445313},"rotation":{"x":-0.014008888974785805,"y":-0.9855641722679138,"z":0.1371661275625229,"w":-0.09911468625068665},"size":273.1366882324219,"orthographic":false}