{"cameraMode":{"drawMode":0,"name":"Shaded","section":"Shading Mode"},"sceneLighting":false,"audioPlay":false,"sceneViewState":{"m_AlwaysRefresh":false,"showFog":true,"showSkybox":false,"showFlares":true,"showImageEffects":true,"showParticleSystems":true,"showVisualEffectGraphs":true,"m_FxEnabled":true},"in2DMode":false,"pivot":{"x":26.809499740600587,"y":1.5192694664001465,"z":-0.07598304748535156},"rotation":{"x":-0.11658769845962525,"y":0.49842873215675356,"z":-0.06785693764686585,"w":-0.8563714027404785},"size":7.716800212860107,"orthographic":false}