{"cameraMode":{"drawMode":0,"name":"Shaded","section":"Shading Mode"},"sceneLighting":true,"audioPlay":false,"sceneViewState":{"m_AlwaysRefresh":false,"showFog":true,"showSkybox":false,"showFlares":true,"showImageEffects":true,"showParticleSystems":true,"showVisualEffectGraphs":true,"m_FxEnabled":true},"in2DMode":false,"pivot":{"x":1.1920928955078126e-7,"y":2.2673678398132326,"z":-7.25939416885376},"rotation":{"x":-0.15858271718025208,"y":0.02576371468603611,"z":-0.0041396222077310089,"w":-0.9870010018348694},"size":4.395858287811279,"orthographic":false}