{"cameraMode":{"drawMode":0,"name":"Shaded","section":"Shading Mode"},"sceneLighting":true,"audioPlay":false,"sceneViewState":{"m_AlwaysRefresh":false,"showFog":true,"showSkybox":false,"showFlares":true,"showImageEffects":true,"showParticleSystems":true,"showVisualEffectGraphs":true,"m_FxEnabled":true},"in2DMode":false,"pivot":{"x":846.8699951171875,"y":466.16949462890627,"z":440.1104736328125},"rotation":{"x":-0.15858271718025208,"y":0.02576371468603611,"z":-0.0041396222077310089,"w":-0.9870010018348694},"size":1156.9559326171875,"orthographic":false}