{"cameraMode":{"drawMode":0,"name":"Shaded","section":"Shading Mode"},"sceneLighting":false,"audioPlay":false,"sceneViewState":{"m_AlwaysRefresh":false,"showFog":true,"showSkybox":false,"showFlares":true,"showImageEffects":true,"showParticleSystems":true,"showVisualEffectGraphs":true,"m_FxEnabled":true},"in2DMode":false,"pivot":{"x":-15.971370697021485,"y":1.1914416551589966,"z":0.41897499561309817},"rotation":{"x":-0.03383501246571541,"y":0.6606019139289856,"z":-0.030116794630885125,"w":-0.7494852542877197},"size":1.7285412549972535,"orthographic":false}